,,,,,,
LSPS INCs for Operational Dashboard,,,,,,
,,,,,,
Incident,Summary,,,Related Record Key,,
INC833557,MRS Batch processing - qualification that are set for periodic - yearly should be writing with the last day of year and finding instances in PROD where not doing so,,,ACT2905110,,
INC833557,MRS Batch processing - qualification that are set for periodic - yearly should be writing with the last day of year and finding instances in PROD where not doing so,,,PRB70629,,
INC568820,'Remember this computer checkbox' not working,,,ACT1856214,,
INC568820,'Remember this computer checkbox' not working,,,PRB60075,,
INC569080,Restart AE containers in Prod STL and KSC,,,SRQ1917283,,
INC575173,Not able to update services for ICA 3330 Bin 543330,,,PRB60340,,
INC575173,Not able to update services for ICA 3330 Bin 543330,,,PRB60341,,
INC575173,Not able to update services for ICA 3330 Bin 543330,,,SRQ1903932,,
INC576163,SubCategory disappear from Advance Search section,,,ACT1831586,,
INC576163,SubCategory disappear from Advance Search section,,,PRB60367,,
INC576202,PWRL account not deleted in HOUSEHOLD_MAP when moving to new HH,,,ACT1934869,,
INC576202,PWRL account not deleted in HOUSEHOLD_MAP when moving to new HH,,,PRB60370,,
INC576256,JBOSS Common Logging problem ticket,,,PRB60373,,
INC577036,Poste promotions not assigned chain ids,,,PRB60413,,
INC578425,Surpreenda - Offer Tile Scrolling Product Images Issue,,,ACT1757793,,
INC578425,Surpreenda - Offer Tile Scrolling Product Images Issue,,,PRB60453,,
INC578769,Orange Point Summary By Bank Product - Does not display details on print page if it is not in view status on screen.,,,ACT1953729,,
INC578769,Orange Point Summary By Bank Product - Does not display details on print page if it is not in view status on screen.,,,PRB60460,,
INC579046,IR recognition of upper and lower case characters,,,ACT1774755,,
INC579046,IR recognition of upper and lower case characters,,,PRB60477,,
INC579099,Customer service > statements > view statements is not sorting correctly,,,ACT1837579,,
INC579099,Customer service > statements > view statements is not sorting correctly,,,PRB60484,,
INC579469,Package Household contains incorrect sort.,,,PRB60504,,
INC581037,Keybank - MTF,,,ACT1976825,,
INC581037,Keybank - MTF,,,PRB60555,,
INC583437,"SMRS0007D taking longer than 24 hours to complete, need immediate package change",,,PRB60668,,
INC586621,Qualification not awarding,,,ACT1998588,,
INC586621,Qualification not awarding,,,PRB60771,,
INC587051,"On KeyBank's MTF Internet Redemption site, points redeemed are showing as negatives amounts.",,,ACT1992257,,
INC587051,"On KeyBank's MTF Internet Redemption site, points redeemed are showing as negatives amounts.",,,PRB60802,,
INC590352,Surpreenda - MRS - Program Marketing Files,,,ACT1983137,,
INC590352,Surpreenda - MRS - Program Marketing Files,,,PRB60976,,
INC590479,award tier rule issues,,,ACT1924831,,
INC590479,award tier rule issues,,,PRB60931,,
INC590529,Point Overlay Program Unable to Perform Redemptions,,,CHG122464,,
INC590529,Point Overlay Program Unable to Perform Redemptions,,,PRB60941,,
INC590534,RE: Surpreenda Case Management,,,ACT1997977,,
INC590534,RE: Surpreenda Case Management,,,PRB60942,,
INC590534,RE: Surpreenda Case Management,,,SRQ2012466,,
INC591095,different card name for different period,,,ACT1953686,,
INC591095,different card name for different period,,,PRB60977,,
INC591183,Suropreenda Brasil - Webservice Redemption - OfferID,,,ACT1939321,,
INC591183,Suropreenda Brasil - Webservice Redemption - OfferID,,,PRB60983,,
INC591183,Suropreenda Brasil - Webservice Redemption - OfferID,,,SRQ1948694,,
INC591190,"runMRSPWRLCBRebates.sh failures due to cannot insert NULL into (""MRS"".""TRANS_REBATE_EXTERNAL"".""REBATE_ACCOUNT_NUM"")",,,PRB60984,,
INC591588,ACT1983164 Process needed to Update the Primary Account in Household,,,ACT1983164,,
INC591588,ACT1983164 Process needed to Update the Primary Account in Household,,,PRB61008,,
INC593610,Emails relating to cases are no longer being received for cases routed to Supreenda Team,,,ACT2016958,,
INC593610,Emails relating to cases are no longer being received for cases routed to Supreenda Team,,,PRB61106,,
INC593610,Emails relating to cases are no longer being received for cases routed to Supreenda Team,,,SRQ2043901,,
INC593751,runMRSPromoMain.sh - java.lang.NullPointerException,,,ACT2030871,,
INC593751,runMRSPromoMain.sh - java.lang.NullPointerException,,,PRB61113,,
INC595878,Surpreenda Alternative URL Bug,,,ACT2024412,,
INC595878,Surpreenda Alternative URL Bug,,,PRB61203,,
INC596566,Merch_id on TranRebate files populated with all zeros,,,ACT2044755,,
INC596566,Merch_id on TranRebate files populated with all zeros,,,PRB61236,,
INC597430,Keybank ICA 6687-Program 6522-PROD Issue regarding Market Segment display in CS,,,ACT2053229,,
INC597430,Keybank ICA 6687-Program 6522-PROD Issue regarding Market Segment display in CS,,,PRB61259,,
INC598183,Unix server side process - MRSREServer - causing resource issues in Prod,,,PRB61302,,
INC598617,Production IR Website Translation DEFECT,,,ACT2060781,,
INC598617,Production IR Website Translation DEFECT,,,ACT2047753,,
INC598617,Production IR Website Translation DEFECT,,,ACT2058820,,
INC598617,Production IR Website Translation DEFECT,,,PRB61313,,
INC598926,Sanatander 3662 -Spelling observations (2nd part),,,ACT2061422,,
INC598927,Sanatander 3662 -Spelling observations (2nd part),,,ACT2061422,,
INC598927,Sanatander 3662 -Spelling observations (2nd part),,,PRB61346,,
INC600058,Spring Market Place CIS-2013-05679 MRS,,,ACT2065167,,
INC600058,Spring Market Place CIS-2013-05679 MRS,,,PRB61390,,
INC600161,IR - points earned section not displaying BONUS points properly,,,ACT2053114,,
INC600161,IR - points earned section not displaying BONUS points properly,,,PRB61398,,
INC600630,Production parameter disapeared in System maintenance,,,ACT2052182,,
INC600630,Production parameter disapeared in System maintenance,,,PRB61416,,
INC600860,Barclaycard ICA2182 MRS IVR Redemptions displaying incorrect date since Sept 21st,,,ACT2064160,,
INC600860,Barclaycard ICA2182 MRS IVR Redemptions displaying incorrect date since Sept 21st,,,PRB61426,,
INC600948,outbound EVF failures at Barclaycard ICA 10868,,,ACT2070845,,
INC603184,Automated Exceptions is freezing up,,,ACT2078215,,
INC603184,Automated Exceptions is freezing up,,,PRB61522,,
INC603184,Automated Exceptions is freezing up,,,PRQ153826,,
INC603267,SSFCU - Missing Cashback Redemptions,,,ACT2058306,,
INC603267,SSFCU - Missing Cashback Redemptions,,,PRB61532,,
INC603512,batch failures on duplicate rebate information in RM37,,,ACT2086072,,
INC603512,batch failures on duplicate rebate information in RM37,,,PRB61545,,
INC605181,MTF - System Maintenance - Offer setup error,,,ACT2079840,,
INC605181,MTF - System Maintenance - Offer setup error,,,PRB61597,,
INC605551,ICA 3662 ID Credits not reflected in MRS,,,ACT2079844,,
INC605551,ICA 3662 ID Credits not reflected in MRS,,,PRB61613,,
INC610349,PRODUCTION Issue with Credit Redemptions and setting in System Maintenance,,,ACT2074736,,
INC610349,PRODUCTION Issue with Credit Redemptions and setting in System Maintenance,,,SRQ2223188,,
INC610478,Code Fix for HH EVF File--M&T Bank Commercial Card MRS Implementation - ICA 3154,,,ACT2095337,,
INC610478,Code Fix for HH EVF File--M&T Bank Commercial Card MRS Implementation - ICA 3154,,,PRB61781,,
INC612414,CHS - Expired ICAs are showing up when doing an issuer search,,,ACT2117863,,
INC612414,CHS - Expired ICAs are showing up when doing an issuer search,,,INC612419,,
INC612419,CHS - Expired ICAs are showing up when doing an issuer search,,,INC612414,,
INC612419,CHS - Expired ICAs are showing up when doing an issuer search,,,PRB61838,,
INC613474,CHS-Issues with Access Denied error message,,,ACT2123713,,
INC613474,CHS-Issues with Access Denied error message,,,PRB61924,,
INC613537,CHS-Benefit Instance Coverage Group not showing the expiration date,,,ACT2123694,,
INC613537,CHS-Benefit Instance Coverage Group not showing the expiration date,,,PRB61930,,
INC613807,Possible past release Issue with Bonus point usage with Cash Back redemptions,,,ACT2125462,,
INC613807,Possible past release Issue with Bonus point usage with Cash Back redemptions,,,PRB61942,,
INC614445,Global Config/Text Override/Label Text 2/Web Service Text/Verification Generic throwing errors on data entry,,,ACT2108115,,
INC614445,Global Config/Text Override/Label Text 2/Web Service Text/Verification Generic throwing errors on data entry,,,PRB61966,,
INC617042,Truaxis MVN Service and Activity Requests (14858),,,ACT2136417,,
INC617042,Truaxis MVN Service and Activity Requests (14858),,,PRB62078,,
INC618335,CHS-Missing field in SDP Benefit Instance Module,,,ACT2141701,,
INC618335,CHS-Missing field in SDP Benefit Instance Module,,,PRB62131,,
INC618343,CHS-IVR and Coverage Groups,,,ACT2138251,,
INC618343,CHS-IVR and Coverage Groups,,,PRB62132,,
INC619216,Keybank ICA 6687 Production Data Privacy Issue,,,ACT2145518,,
INC619216,Keybank ICA 6687 Production Data Privacy Issue,,,PRB62188,,
INC621551,Surpreenda - Error to redeem voucher if not logged,,,ACT2151722,,
INC621551,Surpreenda - Error to redeem voucher if not logged,,,PRB62301,,
INC623943,rebating process needs to determine which DE26 CAB Code to use based off IRD in rebate header,,,ACT2127033,,
INC623943,rebating process needs to determine which DE26 CAB Code to use based off IRD in rebate header,,,PRB62398,,
INC623943,rebating process needs to determine which DE26 CAB Code to use based off IRD in rebate header,,,PRB64308,,
INC624841,ZERO point redemptions for replacement items are not displaying in MRS Customer Service redemption history,,,ACT2159152,,
INC624841,ZERO point redemptions for replacement items are not displaying in MRS Customer Service redemption history,,,PRB62433,,
INC627101,Fifth Third Householding Issue,,,PRB63829,,
INC628375,SSFCU - MTF MRS - Please provide a fix for website security message issue,,,ACT2106096,,
INC628375,SSFCU - MTF MRS - Please provide a fix for website security message issue,,,PRB62557,,
INC629866,M&T Bank Commercial Card MRS MTF Statement showing points incorrectly,,,ACT2177249,,
INC629866,M&T Bank Commercial Card MRS MTF Statement showing points incorrectly,,,PRB62632,,
INC631355,Need to enforce the length properly for the file contains multibyte character,,,PRB62714,,
INC632045,MRS Applications are Experiencing slowness due to DB Hung,,,SRQ2396406,,
INC632045,MRS Applications are Experiencing slowness due to DB Hung,,,SRQ2396273,,
INC632359,CHS - GSC Administered Service blank,,,ACT2179823,,
INC632359,CHS - GSC Administered Service blank,,,PRB62720,,
INC634048,"Automated Exceptions - customer only needs to change 1 field in AE but application forces modification each reported data cell, user can’t make simple change and resubmit, nor can they reset to original submitted value",,,ACT2192992,,
INC634048,"Automated Exceptions - customer only needs to change 1 field in AE but application forces modification each reported data cell, user can’t make simple change and resubmit, nor can they reset to original submitted value",,,ACT2571757,,
INC634048,"Automated Exceptions - customer only needs to change 1 field in AE but application forces modification each reported data cell, user can’t make simple change and resubmit, nor can they reset to original submitted value",,,PRB62791,,
INC634048,"Automated Exceptions - customer only needs to change 1 field in AE but application forces modification each reported data cell, user can’t make simple change and resubmit, nor can they reset to original submitted value",,,PRB65911,,
INC635540,Need to disable the debug option in MRS.PKG_CASH_BACK_REDEMPTIONS.PRC_CREATE_PWR_CASHBACK_REDEMP,,,PRB62869,,
INC635572,"runMRSPWRLCBRebates.sh failures due to cannot insert NULL into (""MRS"".""TRANS_REBATE_EXTERNAL"".""REBATE_ACCOUNT_NUM"")",,,PRB62872,,
INC639309,error in doItemRedemption web service preventing multiple items in a single call,,,CHG138528,,
INC639309,error in doItemRedemption web service preventing multiple items in a single call,,,PRB63057,,
INC640383,MRS VN PRODUCTION Issue Needs Dev FIX,,,ACT2240542,,
INC640383,MRS VN PRODUCTION Issue Needs Dev FIX,,,PRB63083,,
INC640744,ACACIA File Layout ENHANCEMENT for DATA PRIVACY on PII Data,,,ACT2241371,,
INC640744,ACACIA File Layout ENHANCEMENT for DATA PRIVACY on PII Data,,,PRB63105,,
INC643796,LPM - inaccurate descriptions in Step 4 and 5,,,ACT2189463,,
INC643796,LPM - inaccurate descriptions in Step 4 and 5,,,PRB63222,,
INC645461,BRANDIMPACT - Program Information / F9 Screen not working in MRS,,,ACT2250120,,
INC645461,BRANDIMPACT - Program Information / F9 Screen not working in MRS,,,PRB63273,,
INC646683,Users are unable to login to WebFocus (MRS CE reporting) via MCC,,,PRB63407,,
INC646927,LPM issue with Award Rule,,,ACT2254226,,
INC646927,LPM issue with Award Rule,,,PRB63361,,
INC648056,Surpreenda - Priceless Enrollment - Layout issue,,,ACT2260910,,
INC648056,Surpreenda - Priceless Enrollment - Layout issue,,,PRB63424,,
INC650827,Session Timeout Error Message,,,ACT2273489,,
INC650827,Session Timeout Error Message,,,PRB63542,,
INC651823,Problem rewards,,,SRQ2510655,,
INC655343,MINOR: MCI-STL mrs2stl1 TWS_JOB_ABEND: Job SMRS0050D has failed.,,,INC656128,,
INC656128,MINOR: MCI-STL mrs2stl1 TWS_JOB_ABEND: Job SMRS0050D has failed.,,,INC655343,,
INC656296,Trace appears left on for process promoRebates,,,PRB63750,,
INC656606,MRS Customer Service and Redemptions Not available,,,SRQ2550035,,
INC657461,Production Sunmark Online Household with Auth is Failing,,,ACT2312133,,
INC657461,Production Sunmark Online Household with Auth is Failing,,,PRB63788,,
INC657587,14.1 BUG - EXTRL_TRVL_RDMPTN_DTL (PROD) - Invalid PARENT_ACCESS_ID,,,ACT2325759,,
INC657587,14.1 BUG - EXTRL_TRVL_RDMPTN_DTL (PROD) - Invalid PARENT_ACCESS_ID,,,PRB63795,,
INC657623,Redemption Detail Report Points Column showing zero points,,,ACT2313504,,
INC657627,Redemption Detail Report Points Column showing zero points,,,ACT2313504,,
INC657627,Redemption Detail Report Points Column showing zero points,,,PRB63806,,
INC658040,KeyBank MRS website down,,,SRQ2557186,,
INC658198,Web Service 1.0 - getCustomerVerificationCS has 2-digit year,,,ACT2279228,,
INC658198,Web Service 1.0 - getCustomerVerificationCS has 2-digit year,,,PRB63828,,
INC658423,"MTF Website update error, Russian Standard Bank (10910)",,,ACT2333010,,
INC658423,"MTF Website update error, Russian Standard Bank (10910)",,,PRB63831,,
INC658486,when a Lost Stolen record tries to migrate an account BACK to a card number that was previously used on the account,,,PRB63849,,
INC659236,Datamart Qualification Activity Report Issue-Production,,,ACT2338087,,
INC659236,Datamart Qualification Activity Report Issue-Production,,,PRB63872,,
INC659400,"Data Mart Reporting 2.0 // ""All"" option is not available on Issuers menu",,,ACT2340886,,
INC659400,"Data Mart Reporting 2.0 // ""All"" option is not available on Issuers menu",,,PRB63885,,
INC662807,DEFECT:  TRAN_DT on AUTH_REQUEST_LOG and AUTH_RESPONSE_LOG is storing INCORRECT DATE,,,ACT2332724,,
INC662807,DEFECT:  TRAN_DT on AUTH_REQUEST_LOG and AUTH_RESPONSE_LOG is storing INCORRECT DATE,,,PRB63912,,
INC663204,Issues with Surpreenda reports,,,PRB63935,,
INC664361,"LPM - Unnecessary, non-functioning setup in step 5",,,PRB64009,,
INC665099,runMRSLBMerchantFiltering.sh failing due to SNAPSHOT being too old,,,PRB64036,,
INC665413,DataMart - Defect with multi program selection in Promo Repo,,,ACT2329704,,
INC665413,DataMart - Defect with multi program selection in Promo Repo,,,PRB64041,,
INC665948,MRS CE login issues-mrs_webchecks/WebCheck-MRS-www.loyaltyrewards.com-KeyBankRewards is CRITICAL,,,SRQ2591561,,
INC667810,Promo monitoring report- lanaguage issue,,,ACT2365349,,
INC667810,Promo monitoring report- lanaguage issue,,,PRB64138,,
INC667931,Issue with entering new item in MRS with special character,,,PRB64148,,
INC668423,MSG sent messages twice resulting in duplicate vouchers,,,ACT2370492,,
INC668423,MSG sent messages twice resulting in duplicate vouchers,,,PRB64161,,
INC670246,Production Issue - Ts and Cs,,,ACT2382922,,
INC670246,Production Issue - Ts and Cs,,,PRB64223,,
INC670254,Book Travel Tab has beeb Removed- URGENT,,,ACT2379456,,
INC670254,Book Travel Tab has beeb Removed- URGENT,,,PRB64224,,
INC670312,Unable to Launch Online Travel From Customer Service - PROD,,,ACT2379166,,
INC670312,Unable to Launch Online Travel From Customer Service - PROD,,,PRB64226,,
INC670949,runMrsMerchRewardsnSend.sh enhance to FAIL if -s provided and not data in config file,,,ACT2382958,,
INC670949,runMrsMerchRewardsnSend.sh enhance to FAIL if -s provided and not data in config file,,,PRB64257,,
INC671019,Production Defect - Enrollment not working in Customer Service,,,ACT2389134,,
INC671019,Production Defect - Enrollment not working in Customer Service,,,PRB64268,,
INC671019,Production Defect - Enrollment not working in Customer Service,,,SRQ2619550,,
INC671042,Date selection in DataMart 2.0 needs to allow to go back to 2002,,,ACT2373290,,
INC671042,Date selection in DataMart 2.0 needs to allow to go back to 2002,,,PRB64270,,
INC671294,CS - Redemptions - Issue updating address,,,ACT2381087,,
INC671294,CS - Redemptions - Issue updating address,,,PRB64278,,
INC671294,CS - Redemptions - Issue updating address,,,SRQ2592579,,
INC671473,Incorrect columns under Redemption History,,,ACT2391685,,
INC671473,Incorrect columns under Redemption History,,,SRQ2625348,,
INC671473,Incorrect columns under Redemption History,,,SRQ2651121,,
INC672575,Production Issue: Online Cashback Settings in System Maintenance set to None,,,ACT2394178,,
INC672575,Production Issue: Online Cashback Settings in System Maintenance set to None,,,PRB64317,,
INC672752,ACT2363929 - CS date sort order on points to expire,,,ACT2363929,,
INC672752,ACT2363929 - CS date sort order on points to expire,,,PRB64334,,
INC673183,System Maintenance not being able to copy issuer cost in local amount and local currency code,,,ACT2373848,,
INC673183,System Maintenance not being able to copy issuer cost in local amount and local currency code,,,PRB64357,,
INC673916,MRS Keybank site down -- oracle errors in logs,,,INC673917,,
INC675215,System Maintenance > Promotions > Promotions > Rebate > Business Partner List of Values - characters are not getting displayed,,,PRB64404,,
INC675216,Trigger enhancement to prevent Point Expiration missing setup,,,PRB64393,,
INC675642,MRS EMP VIEW - Add additional field,,,ACT2408420,,
INC675642,MRS EMP VIEW - Add additional field,,,PRB64422,,
INC676151,Prod Defect: M&T Bank Point Purchase,,,ACT2417390,,
INC676151,Prod Defect: M&T Bank Point Purchase,,,PRB64452,,
INC676520,SANTANDER Mexico- Expired points on Word Elite,,,ACT2415384,,
INC676520,SANTANDER Mexico- Expired points on Word Elite,,,PRB64470,,
INC676577,Redemptions not completeing for Supreenda in Prod.,,,ACT2417225,,
INC676577,Redemptions not completeing for Supreenda in Prod.,,,PRB64477,,
INC677759,MRS System maintenance Slowness,,,ACT2416638,,
INC677759,MRS System maintenance Slowness,,,PRB64507,,
INC677839,Supreenda - Gabriela Lazarotto - case id - 371970,,,ACT2421775,,
INC677843,KeyBank Point Transfers are Failing,,,ACT2422556,,
INC677843,KeyBank Point Transfers are Failing,,,PRB64513,,
INC678145,PROD - Duplicate Data in Report:  External Online Travel Details (Issuer),,,ACT2409641,,
INC678145,PROD - Duplicate Data in Report:  External Online Travel Details (Issuer),,,PRB64522,,
INC678225,KeyBank/Truaxis File MTF,,,ACT2423305,,
INC678639,Correct missing Omniture tags,,,ACT2428638,,
INC678639,Correct missing Omniture tags,,,PRB64561,,
INC680620,A 30 record in which no account is found should not create a failure,,,PRB64593,,
INC680640,MRS Reporting tool timing out in prod,,,SRQ2679211,,
INC680704,Webservices 1.0 - doCustomerAccountUpdate method returning error.,,,PRB64603,,
INC680704,Webservices 1.0 - doCustomerAccountUpdate method returning error.,,,PRB64604,,
INC680704,Webservices 1.0 - doCustomerAccountUpdate method returning error.,,,SRQ2679938,,
INC682738,Incorrect Date format submitted in Vendor Response File is not throwing error,,,ACT2436090,,
INC682738,Incorrect Date format submitted in Vendor Response File is not throwing error,,,PRB64668,,
INC682744,Audit triggers need updating,,,PRB64669,,
INC682744,Audit triggers need updating,,,PRB64677,,
INC682744,Audit triggers need updating,,,PRB64678,,
INC682744,Audit triggers need updating,,,SRQ2692441,,
INC682802,Kinks page showing on logout for KeyBankrewards.com,,,CHG149763,,
INC682802,Kinks page showing on logout for KeyBankrewards.com,,,SRQ2691928,,
INC683552,Prod Defect: Recurring Redemption,,,ACT2445405,,
INC683552,Prod Defect: Recurring Redemption,,,PRB64712,,
INC683570,getCustomerVerificationCs method still checking for the old program_param_value entry for the Cobrand ID,,,PRB64715,,
INC683570,getCustomerVerificationCs method still checking for the old program_param_value entry for the Cobrand ID,,,SRQ2699544,,
INC683955,Automated Exceptions tool crashed on user and caused inaccurate rec_num_exceptions counts so file no longer displaying in dropdown,,,ACT2444511,,
INC683955,Automated Exceptions tool crashed on user and caused inaccurate rec_num_exceptions counts so file no longer displaying in dropdown,,,PRB64742,,
INC684134,Lost stolen migration failures - should go to Automated Exception,,,PRB64745,,
INC684273,M&T adjustment file processed with incorrect adjustment amounts.,,,SRQ2603547,,
INC685437,GSM workflow testing,,,PRB64784,,
INC685437,GSM workflow testing,,,SRQ2711177,,
INC685976,MRS System Maintenance - Screen Bug,,,ACT2446391,,
INC685976,MRS System Maintenance - Screen Bug,,,PRB64835,,
INC686426,Fuelman transaction volume research,,,ACT2464065,,
INC686426,Fuelman transaction volume research,,,PRB64888,,
INC686771,FW: Initial Testing Feedback - Portuguese version (CIS),,,ACT2464884,,
INC688003,Redemption Detail by bill date report on Data mart tool is not working correct,,,ACT2464190,,
INC688003,Redemption Detail by bill date report on Data mart tool is not working correct,,,PRB64939,,
INC689352,MRS Loyalty Gateway Translation Issue for Ukraine,,,ACT2470179,,
INC690371,SURPREENDA - Blank spaces,,,ACT2242233,,
INC690805,Surpreenda - Natura Offer - End Date is not updating - URGENT,,,ACT2479545,,
INC690818,Surpreenda - Natura Offer - End Date is not updating - URGENT,,,ACT2479545,,
INC691638,Statement Loader failed in PKG_PTS.FUN_GET_PT_BALANCE,,,PRB65104,,
INC691650,quarterly cashout did not execute completely - runMRSCashBackRedemptions.sh -a bc1 -p 10868 -m -h,,,ACT2481848,,
INC691650,quarterly cashout did not execute completely - runMRSCashBackRedemptions.sh -a bc1 -p 10868 -m -h,,,PRB65107,,
INC693305,runMRSLoadDats.sh overflow - system maintenance allows data definition greater than code base can handle,,,PRB65154,,
INC693945,Points expired in Customer Service not maching what is in keybank website.,,,ACT2485417,,
INC694372,MRS Prod Database  backup 2014-07-10,,,PRB65237,,
INC694372,MRS Prod Database  backup 2014-07-10,,,PRB65238,,
INC694372,MRS Prod Database  backup 2014-07-10,,,PRB65239,,
INC696395,Paypal cashout - No instances of the Redemption Source Code being null,,,PRB65254,,
INC696490,Points expired in Customer Service not maching what is in keybank website.,,,ACT2485417,,
INC700125,To enhance the script to Avoid Future Date time stamp issue,,,PRB65380,,
INC702990,Santander Brazil - Preview point issue - ICA 8328,,,ACT2467328,,
INC703029,DB session build up in pmrs1s_exa.world.  Impacting all Rewards applications and services.,,,PRB65507,,
INC703320,Need an enhancement in all EVF script to trim the EVF file(data record and header/trailer record as well),,,PRB65494,,
INC703350,DB Session build causing application performance issues.,,,PRB65507,,
INC703421,Login Time out error message,,,ACT2529470,,
INC703421,Login Time out error message,,,PRB65500,,
INC705898,Agent Bank - ICA #8217 Auto redemption not flushing out entire program,,,ACT2526565,,
INC705898,Agent Bank - ICA #8217 Auto redemption not flushing out entire program,,,PRB65107,,
INC706221,Get Point Balance-Mobile web-service Issue,,,ACT2541981,,
INC706257,Cash back file got failed due to buffer overflow,,,PRB65607,,
INC707283,Data mart is failing daily due to bulk commit,,,PRB65635,,
INC709470,End date for accrual rule is not being set currectly,,,ACT2560599,,
INC709517,CS is not able authenticate user_ids with lower case chars in SECURITY table.,,,ACT2560280,,
INC710187,VFF only using 2 characters for country code when should use 3,,,ACT2499547,,
INC710187,VFF only using 2 characters for country code when should use 3,,,PRB65732,,
INC711596,MRS 1.0 webservices - getCustomerVerificationCS returning numerical data for redeemSw data element,,,ACT2564074,,
INC711596,MRS 1.0 webservices - getCustomerVerificationCS returning numerical data for redeemSw data element,,,PRB65805,,
INC711955,SAML 1.1 (Banrisul) - Missing Attributes when launching Online Travel from Customer Service (MTF),,,ACT2531021,,
INC713450,Capital One ICA #1001- Redemption Detail Report and OLT,,,ACT2554907,,
INC713517,MTF System Maintenance > Promotion creation throwing error of DUPLICATE value,,,PRB65898,,
INC713547,Case Management - No redemption item description is displaying,,,ACT2576074,,
INC713547,Case Management - No redemption item description is displaying,,,PRB65902,,
INC713599,Issuer ica is mandatory for Surpreenda and take few critical decisions But this Issuer Ica is null in Prod.,,,PRB65903,,
INC713869,PMR3 not updating old cost record end date causing batch failures on runMRSWeeklyBilling.sh,,,PRB65913,,
INC714167,System Maintenance does not save the short description in Spanish,,,ACT2577633,,
INC714167,System Maintenance does not save the short description in Spanish,,,ACT2578845,,
INC714167,System Maintenance does not save the short description in Spanish,,,ACT2581161,,
INC714424,Catalog page number selection is causing firewall block and forces user to LoyaltyGateway.com,,,ACT2579583,,
INC714424,Catalog page number selection is causing firewall block and forces user to LoyaltyGateway.com,,,PRB65928,,
INC714424,Catalog page number selection is causing firewall block and forces user to LoyaltyGateway.com,,,SRQ2872313,,
INC714923,WS 2.0 -- doItemRedemption returning null for Redemption Number in MTF and production for Truaxis calls,,,ACT2580056,,
INC714923,WS 2.0 -- doItemRedemption returning null for Redemption Number in MTF and production for Truaxis calls,,,PRB65953,,
INC715976,"MRS Rewards,, Prod DB session build, sessions locks occuring.",,,SRQ2880534,,
INC715976,"MRS Rewards,, Prod DB session build, sessions locks occuring.",,,SRQ2880542,,
INC715976,"MRS Rewards,, Prod DB session build, sessions locks occuring.",,,SRQ2880543,,
INC716440,L/S Processing Defect - Status Date,,,ACT2582088,,
INC716440,L/S Processing Defect - Status Date,,,PRB66010,,
INC718810,MRS 2.0 update Terms and Conditions URL for Travel Pass Program Banamex ICA 1035,,,ACT2587167,,
INC720366,Issue when uploading a T&C HTML file through System Maintenance.,,,ACT2587167,,
INC720395,Different Information Between Expired Points - CS/Santander WebSite,,,ACT2597170,,
INC720395,Different Information Between Expired Points - CS/Santander WebSite,,,SRQ2785849,,
INC723908,Easy Savings Data Mart 2.0 Issue,,,PRB66331,,
INC724747,Keybank SSO issue,,,CHG162455,,
INC724747,Keybank SSO issue,,,PRB66567,,
INC725745,Citizens Cashback Plus ICA 5548 file not processed,,,ACT2614280,,
INC727126,CE users are receiving the 'Oops' page when using SSO from KeyBank.,,,ACT2598374,,
INC727126,CE users are receiving the 'Oops' page when using SSO from KeyBank.,,,PRB66477,,
INC729795,Surpreenda - Can not view expired in CS - MRS,,,ACT2612811,,
INC729832,Card 4427660691001059 could not change program,,,ACT2618370,,
INC730927,Phoenix Theme display issue validation in MTF,,,ACT2627099,,
INC730927,Phoenix Theme display issue validation in MTF,,,PRB66583,,
INC732327,Point balance discrepancy in CS and Webservice for non redeemer accounts,,,ACT2634496,,
INC732372,Redemption emails are not being recieved.,,,ACT2584732,,
INC732372,Redemption emails are not being recieved.,,,PRB66662,,
INC733665,mrs.pkg_cash_back_redemptions.prc_create_pwr_cashback_redemp has an unhandled exception that is causing the package to exit prematurely,,,ACT2641435,,
INC733665,mrs.pkg_cash_back_redemptions.prc_create_pwr_cashback_redemp has an unhandled exception that is causing the package to exit prematurely,,,PRB66696,,
INC734618,"Customer Service setup for parameters ""Points expired period display"" and ""Points set to expire period display"" are not reflecting in CE website.",,,ACT2589536,,
INC735593,ACT2639136-ACTACT2628380 - Need to address Security Exposure for Easy Savings reports,,,ACT2639136,,
INC735593,ACT2639136-ACTACT2628380 - Need to address Security Exposure for Easy Savings reports,,,PRB66797,,
INC735611,ACT2469990 - Datamart issue in MTF for EasySavings,,,ACT2636517,,
INC735611,ACT2469990 - Datamart issue in MTF for EasySavings,,,PRB66798,,
INC736828,MTF Txn date in the CS statment sort order appears inaccurate,,,ACT2586236,,
INC736828,MTF Txn date in the CS statment sort order appears inaccurate,,,PRB66840,,
INC737283,“MRS Allowing Redemption Cancelation for Items with Shipping Address set to NO”.,,,ACT2481945,,
INC737381,Surpreenda - Partners - New Balance Issue - URGENT,,,ACT2657676,,
INC737381,Surpreenda - Partners - New Balance Issue - URGENT,,,PRB66884,,
INC740028,Capital One Cash Back Issue in both MTF and PROD,,,ACT2525883,,
INC740028,Capital One Cash Back Issue in both MTF and PROD,,,PRB67022,,
INC740138,Catalog in MRS system Maintenance taking too long to load.,,,ACT2661366,,
INC740138,Catalog in MRS system Maintenance taking too long to load.,,,PRB67047,,
INC740546,Unavailable Feature Displayed: HH Point Cap does not exist,,,ACT2663963,,
INC740546,Unavailable Feature Displayed: HH Point Cap does not exist,,,PRB67062,,
INC741687,Bottom banner image and header txt will not display on 'New User Profile' email.,,,ACT2663966,,
INC741687,Bottom banner image and header txt will not display on 'New User Profile' email.,,,PRB67120,,
INC743782,"Sweepstakes not appearing on sweepstakes page for Supreenda users, Issue appears to be related to IE8",,,ACT2675539,,
INC743782,"Sweepstakes not appearing on sweepstakes page for Supreenda users, Issue appears to be related to IE8",,,PRB67184,,
INC744491,Different expiration period showed between IR and CS,,,ACT2657056,,
INC744491,Different expiration period showed between IR and CS,,,SRQ3002654,,
INC744646,Customer information not populating in IR and CS - MTF,,,ACT2676368,,
INC744646,Customer information not populating in IR and CS - MTF,,,PRB67232,,
INC744646,Customer information not populating in IR and CS - MTF,,,PRB67233,,
INC745802,Surpreenda - Enrollment page is not allowing cards with 19 digits,,,ACT2682080,,
INC747656,$MRS_BATCHBIN/runMRSPromoRebates.sh has issues per logs but set exit code = 0,,,PRB67370,,
INC748089,Keybankrewards occasionally displaying oops page during logins,,,PRB67396,,
INC751634,MRS Loyalty Gateway Translation Issues for Romania (MRS 1.0),,,ACT2692092,,
INC751705,DataMart Qualification Activity report is timing out due to a missing join,,,ACT2693246,,
INC751705,DataMart Qualification Activity report is timing out due to a missing join,,,PRB67532,,
INC751753,"ORA-04063: package body ""MRS.PKG_ADDM_EXTRACT"" has errors",,,PRB67534,,
INC753185,PRODUCTION Issue with Credit Redemptions and setting in System Maintenance,,,PRB67580,,
INC753185,PRODUCTION Issue with Credit Redemptions and setting in System Maintenance,,,PRB61772,,
INC753185,PRODUCTION Issue with Credit Redemptions and setting in System Maintenance,,,SRQ2739084,,
INC753643,CANCELLATION ERROR IN REDEMPTION ID,,,ACT2684432,,
INC753653,WS2.0 are currently accessing the Database via the MRS_BATCH user id,,,PRB67614,,
INC753653,WS2.0 are currently accessing the Database via the MRS_BATCH user id,,,PRB67615,,
INC754411,Sweepstake - enrollment via widget conexaohsbc(external login) is not working,,,PRB67632,,
INC755706,Report Data (Output) contains Chinese characters in MTF,,,ACT2671925,,
INC755706,Report Data (Output) contains Chinese characters in MTF,,,PRB67661,,
INC755987,CE application is returning error messages when users are trying to redeem.  ICA 1035,,,ACT2704875,,
INC755987,CE application is returning error messages when users are trying to redeem.  ICA 1035,,,PRB67670,,
INC756108,ICA 3154 Recurring Redemption failures from runMRSRecurringRedemption.sh,,,ACT2661485,,
INC756108,ICA 3154 Recurring Redemption failures from runMRSRecurringRedemption.sh,,,PRB67685,,
INC756479,MRS 1 0 - Romanian Letter is not displaying correctly,,,ACT2706905,,
INC756479,MRS 1 0 - Romanian Letter is not displaying correctly,,,PRB67700,,
INC756971,Need DEV resource - MTF ICA5022 Shared Website Setup Issues,,,ACT2699310,,
INC756971,Need DEV resource - MTF ICA5022 Shared Website Setup Issues,,,PRB67735,,
INC757397,Banca Romaneasca Website showing a mix of English/Romanian text,,,ACT2709690,,
INC757397,Banca Romaneasca Website showing a mix of English/Romanian text,,,PRB67790,,
INC758761,System Maintenance > Promotions > Rebate Text Config - data can not be setup unless promotion is in ACTIVE status,,,PRB67819,,
INC759190,Rewards Test- Customer Service,,,SRQ3175157,,
INC764250,BanriClube Plus | IR not showing images properly via mobile,,,ACT2725702,,
INC764250,BanriClube Plus | IR not showing images properly via mobile,,,PRB68016,,
INC764270,Points to expire not displaying consistently between Customer Service and Internet Redemption website,,,ACT2724218,,
INC764270,Points to expire not displaying consistently between Customer Service and Internet Redemption website,,,PRB68018,,
INC768119,RFB 5292 - Language translation incorrect in Customer Service,,,ACT2615099,,
INC768119,RFB 5292 - Language translation incorrect in Customer Service,,,PRB68144,,
INC769620,Citrix issue,,,SRQ3306445,,
INC769754,MSG 24-hour retry not making attempts after initiail failure,,,ACT2687102,,
INC769754,MSG 24-hour retry not making attempts after initiail failure,,,PRB68226,,
INC773151,MRS - Google Chrome Display Issue after the PROD maintenance on 11/19,,,ACT2738521,,
INC773236,Program Parameter Report needs to display the accrual_tier_rate in full decimal precision and bank product code,,,ACT2755674,,
INC773236,Program Parameter Report needs to display the accrual_tier_rate in full decimal precision and bank product code,,,PRB68418,,
INC775678,Batch - Points set to expire is not correct in statements.,,,ACT2683800,,
INC775678,Batch - Points set to expire is not correct in statements.,,,PRB68515,,
INC776757,Easy Savings Issuer Activity report (external version),,,PRB68569,,
INC777757,Silicon Valley Bank - Production - Point Summary,,,ACT2700109,,
INC777757,Silicon Valley Bank - Production - Point Summary,,,PRB68599,,
INC779091,Loyalty Analysis report not translating to Spanish,,,ACT2776711,,
INC779091,Loyalty Analysis report not translating to Spanish,,,PRB68673,,
INC779517,Hotel Settlement file missing transactions,,,ACT2781038,,
INC781839,IR - Surpreenda - Issues - Offer Additional Details and Offer Carrousel Image,,,ACT2762348,,
INC782496,Batch Processing - Account migration by qualification is doubling points on migrated accounts.,,,ACT2789941,,
INC782496,Batch Processing - Account migration by qualification is doubling points on migrated accounts.,,,PRB68843,,
INC783615,Charter One - MTF VFF Bonus vs Redemptions,,,ACT2791245,,
INC783615,Charter One - MTF VFF Bonus vs Redemptions,,,PRB68860,,
INC783958,WS1.0 - multiple external catalog security entries for a single program causes getCustomerVerificationCS to fail,,,PRB68896,,
INC784629,Customer Service Application - Security group setting not being enforced.,,,ACT2800847,,
INC784629,Customer Service Application - Security group setting not being enforced.,,,PRB68931,,
INC786332,IR - Prod - Surpreenda website it is not displaying the transactions points correct,,,PRB69126,,
INC788951,RBS Program Migration Error,,,SRQ3366570,,
INC789284,"On IR Site, text is being displayed in English instead of Spanish",,,ACT2795716,,
INC789284,"On IR Site, text is being displayed in English instead of Spanish",,,PRB69127,,
INC789365,Loyalty Analysis not rendering reports,,,ACT2815577,,
INC790527,MRS - Loyalty Analysis - Issues with Google Chrome,,,ACT2655335,,
INC790527,MRS - Loyalty Analysis - Issues with Google Chrome,,,PRB69198,,
INC790671,database code - Card Linking Service - notifications and transactions not appearing in MRS,,,ACT2814375,,
INC790671,database code - Card Linking Service - notifications and transactions not appearing in MRS,,,PRB69204,,
INC791865,"Internet Redemptions:  Point transfer corrupting enroll point aging, breaks redemption ability for account.",,,ACT2823172,,
INC791865,"Internet Redemptions:  Point transfer corrupting enroll point aging, breaks redemption ability for account.",,,PRB69234,,
INC792987,Defect in MRS SM Member Parent Group Security screen,,,ACT2800745,,
INC792987,Defect in MRS SM Member Parent Group Security screen,,,PRB69282,,
INC793282,Point Summary Report - Month & Year-to-Date totals do not match for January for Cancelled Status - Silicon Valley Bank (ICA 10204),,,ACT2797834,,
INC793282,Point Summary Report - Month & Year-to-Date totals do not match for January for Cancelled Status - Silicon Valley Bank (ICA 10204),,,PRB69291,,
INC793328,IR | Santander Bank ICA 8328 PROD Loyalty Analysis reports don't match,,,ACT2824553,,
INC799357,MTF - Loaylty Analysis - Administered Rewards Items by Vendor - Report Not Working,,,ACT2841729,,
INC799357,MTF - Loaylty Analysis - Administered Rewards Items by Vendor - Report Not Working,,,PRB69471,,
INC799800,Rebate Amt should not be divided by 100,,,ACT2847150,,
INC799800,Rebate Amt should not be divided by 100,,,PRB69492,,
INC801199,Customer Audit Table is not auditing changes on NAME fields,,,ACT2842695,,
INC801199,Customer Audit Table is not auditing changes on NAME fields,,,PRB69542,,
INC802924,Unable to use Globalization Config tab in system maintenance,,,SRQ3508043,,
INC804986,Easy Savings Issuer Activity by BIN report failed to return any records,,,ACT2863647,,
INC804986,Easy Savings Issuer Activity by BIN report failed to return any records,,,PRB69653,,
INC807670,Surpreenda - Logout Issue,,,ACT2869173,,
INC809551,MRS experienced promotional scoring issues on 2/28/2015,,,ACT2871177,,
INC811474,IR - Reward Summary presenting wrong YEAR previous point balance,,,ACT2870787,,
INC811474,IR - Reward Summary presenting wrong YEAR previous point balance,,,PRB69875,,
INC813397,Santander Mexico - PROD - Error when running Batch Audit Processing Report,,,ACT2879171,,
INC813397,Santander Mexico - PROD - Error when running Batch Audit Processing Report,,,PRB69939,,
INC813397,Santander Mexico - PROD - Error when running Batch Audit Processing Report,,,SRQ3553543,,
INC814555,Promotion Batch - multiplying adjustment option is awarding incorrect amount due to caching last account information,,,ACT2876133,,
INC814555,Promotion Batch - multiplying adjustment option is awarding incorrect amount due to caching last account information,,,PRB69973,,
INC814663,SSFCU IR Site - PROD -  Bonus Points not displaying correctly,,,ACT2882951,,
INC814663,SSFCU IR Site - PROD -  Bonus Points not displaying correctly,,,PRB69983,,
INC815623,"RTR transaction failing in ASTP, Reason Code 65",,,PRB70037,,
INC817555,Web Services 1.0 -- multiple methods assuming/forcing 19 digit BANs,,,ACT2899196,,
INC817555,Web Services 1.0 -- multiple methods assuming/forcing 19 digit BANs,,,PRB70072,,
INC818329,Batch - Lucky numbers not displaying for customers.,,,ACT2902322,,
INC818329,Batch - Lucky numbers not displaying for customers.,,,PRB70099,,
INC820249,Username/Password dialog is displayed when requesting Excel format Loyalty Analysis report,,,ACT2902025,,
INC820249,Username/Password dialog is displayed when requesting Excel format Loyalty Analysis report,,,PRB70167,,
INC820923,IR: Parameter Defect - Base vs Shell programs in Phoenix,,,ACT2908996,,
INC820924,CS | Redemption not shown in Loyalty Analysis redemption reports,,,ACT2908817,,
INC821371,Automated Exceptions - Viewing/Submitting a record causes AE to close,,,ACT2881162,,
INC821371,Automated Exceptions - Viewing/Submitting a record causes AE to close,,,PRB70214,,
INC821579,database code - customer_account.account_status_date not being triggered to set when account_status_id is being updated,,,ACT2904916,,
INC821579,database code - customer_account.account_status_date not being triggered to set when account_status_id is being updated,,,PRB70219,,
INC821998,Charter One - System Maintenance - MTF - Website Footer Copyright Spacing Issue,,,ACT2908086,,
INC821998,Charter One - System Maintenance - MTF - Website Footer Copyright Spacing Issue,,,PRB70235,,
INC822583,CS | Phoenix website sign in translation issue from english to PT_BR,,,ACT2916383,,
INC822624,LA - Surpreenda - SUR Redemption by ICA and SUR Redemption by Partner by Segment,,,ACT2892873,,
INC822624,LA - Surpreenda - SUR Redemption by ICA and SUR Redemption by Partner by Segment,,,PRB70264,,
INC823777,database code - PROMOTION_AUDIT.AUDIT_USER_ID is not being updated with the value from PROMOTION.LAST_USER_ID,,,PRB70280,,
INC824708,PROD - Translation issue - Ukraine - Internet Email Notification - Confirm Email Address Change,,,ACT2916360,,
INC824708,PROD - Translation issue - Ukraine - Internet Email Notification - Confirm Email Address Change,,,PRB70336,,
INC824725,MTF - Internet Explorer - Page not Found error when clicking on marquee image - RBS Marquee Image 404 Error Work Around,,,ACT2916747,,
INC824725,MTF - Internet Explorer - Page not Found error when clicking on marquee image - RBS Marquee Image 404 Error Work Around,,,PRB70337,,
INC825204,Redirect doesn't work for MOM MRS 2.1. Phoenix,,,ACT2918619,,
INC825204,Redirect doesn't work for MOM MRS 2.1. Phoenix,,,PRB70351,,
INC828153,PWR -  Production: Encryption Failing for MRS 2.0 Services - ICA 999998,,,ACT2932604,,
INC828153,PWR -  Production: Encryption Failing for MRS 2.0 Services - ICA 999998,,,PRB70445,,
INC830974,IR | ICA 12707 - Prod Env - Banriclube - login authentication question issue,,,ACT2940145,,
INC832265,USAA - Customer Service - Error when adding account to Household,,,ACT2904904,,
INC832265,USAA - Customer Service - Error when adding account to Household,,,PRB70591,,
INC837341,Translation Issue - MTF - ICA 3785 - SCOTIABANK INVERLAT S.A.,,,ACT2950590,,
INC837341,Translation Issue - MTF - ICA 3785 - SCOTIABANK INVERLAT S.A.,,,PRB70742,,
INC838015,KeyBank CE Code Change,,,ACT2960991,,
INC838015,KeyBank CE Code Change,,,PRB70785,,
INC846560,Email Address Detail Report  - error in MTF and no data returned in PROD,,,ACT2983498,,
INC846560,Email Address Detail Report  - error in MTF and no data returned in PROD,,,PRB71138,,
INC850615,MRS-Rewards - KEYBANK WEBSITE ISSUES FROM MULTIPLE CUSTOMERS - PROD,,,PRB71451,,
INC834008,MTF - SCOTIABANK INVERLAT S.A. - Social Media icons not displaying on IR Site,,,ACT2950589,,
INC834008,MTF - SCOTIABANK INVERLAT S.A. - Social Media icons not displaying on IR Site,,,PRB70660,,
INC835182,Internet Redemption Site - Phoenix Theme - Accumulation Details/Transactions not displaying,,,ACT2932864,,
INC835182,Internet Redemption Site - Phoenix Theme - Accumulation Details/Transactions not displaying,,,PRB70691,,
INC835721,IR | Banrisul (ICA 7782) - Phoenix website (PROD) buttoms not displayed in IE,,,ACT2958176,,
INC853340,Santander Brazil Relationship Rewards - Report - Acessos,,,ACT3012534,,
INC822192,Point Expiration for RR Santander Brazil didn't expire points for Mar and Apr,,,ACT2872159,,
INC822192,Point Expiration for RR Santander Brazil didn't expire points for Mar and Apr,,,ACT2912748,,
INC840811,Microsoft - 14859 Production Authorization Issue,,,ACT2974141,,
INC846631,IR - PROD - 5292 / RFB / DOB hint translation defect,,,ACT2995055,,
INC846631,IR - PROD - 5292 / RFB / DOB hint translation defect,,,PRB71144,,
INC838522,ICA 5548 Citizens Purchase Tracker appears to NOT be updating,,,ACT2967487,,
INC838522,ICA 5548 Citizens Purchase Tracker appears to NOT be updating,,,PRB70811,,
INC848138,MSG error -- ORA-01461: can bind a LONG value only for insert into a LONG column,,,PRB71326,,
INC836912,IR - Santander Brasil  - MRS allows redemption to be canceled after customer received the item,,,ACT2945052,,
INC836912,IR - Santander Brasil  - MRS allows redemption to be canceled after customer received the item,,,PRB70727,,
INC840010,Production MSG/ASTP -- messages getting misrouted to wrong customers,,,ACT2970871,,
INC840010,Production MSG/ASTP -- messages getting misrouted to wrong customers,,,PRB70861,,
INC837528,CS - Web Service GetPointDetails Defect,,,ACT2962655,,
INC837528,CS - Web Service GetPointDetails Defect,,,PRB70759,,
INC850058,M&T - Footer not refreshing when bank ID changes,,,ACT3005307,,
INC850058,M&T - Footer not refreshing when bank ID changes,,,PRB71383,,
INC847984,MTF WS1.0 -- Enhanced enrollment validation programs are unable to enroll via doEnrollment -- Sears - 15781,,,ACT2998514,,
INC847984,MTF WS1.0 -- Enhanced enrollment validation programs are unable to enroll via doEnrollment -- Sears - 15781,,,PRB71314,,
INC851011,MRS| ICA 8328| PROD ENV | URGENTE: SS 229954037 - saldo de resgate incorreto site esfera - Cliente: RAIZA YUKARI ALVES KATO - CPF: 05792854645,,,ACT3002890,,
INC851011,MRS| ICA 8328| PROD ENV | URGENTE: SS 229954037 - saldo de resgate incorreto site esfera - Cliente: RAIZA YUKARI ALVES KATO - CPF: 05792854645,,,PRB71452,,
INC851075,MRS.PKG_POINT_POSTING.PRC_RUN_PROMOTION_POSTING will allow negative points till the sum of promotion points by merchant is greater than zero,,,ACT3004778,,
INC851075,MRS.PKG_POINT_POSTING.PRC_RUN_PROMOTION_POSTING will allow negative points till the sum of promotion points by merchant is greater than zero,,,PRB71453,,
INC716269,svb ChkLoadSvb BMGR_FAILURE,,,,,
INC692715,SMRS0029W has failed- Few redemptions are not send,,,,,
INC615030,MAJOR: MCI-STL mrs2stl2 UNIX_FILE_SYSTEM: The file system (/apps_data_pmrs3) is almost full (90% USED). There are  (1823) mb used and (225) mb available,,,,,
INC722147,prv EnrollPrv BMGR_FAILURE,,,,,
INC667261,CRITICAL: MCI-STL mwf2stl1 Filesystem /sys_apps_01/mrs/webfocus is 98% full (1338 MB free).,,,,,
INC732139,MRS Datamart 2.0 unavailable,,,,,
INC667510,WARNING: MCI-STL mwf2stl1 Filesystem /sys_apps_01/mrs/webfocus is 88% full (11379 MB free).,,,,,
INC618528,"MINOR: MCI-STL mrs2stl1 TWS_JOB_ABEND: Job 0AAAAAAAAAABU44Q.SMRS0374D failed, no recovery specified",,,,,
INC727352,iwproctn TXProcSupbr BMGR_FAILURE,,,,,
INC600072,"MINOR: MCI-STL mrs2stl1 TWS_JOB_ABEND: Job 0AAAAAAAAAABSZW5.SMRS0060D failed, no recovery specified",,,,,
INC620281,"MINOR: MCI-STL mrs2stl1 TWS_JOB_ABEND: Job 0AAAAAAAAAABVFI7.SMRS0374D failed, no recovery specified",,,,,
INC634540,"MINOR: MCI-STL mrs2stl1 TWS_JOB_ABEND: Job 0AAAAAAAAAABXAUC.SMRS0374D failed, no recovery specified",,,,,
INC642057,MINOR: MCI-STL mrs2stl1 TWS_JOB_ABEND: Job SMRS0064D has failed.,,,,,
INC596783,"MINOR: MCI-STL mrs2stl1 TWS_JOB_ABEND: Job 0AAAAAAAAAABSQ5V.SMRS0039W failed, no recovery specified",,,,,
INC722124,kb Sqlldr2kb BMGR_FAILURE,,,,,
INC762635,MAJOR: MCI-STL CPUB OPC: SAR7600D ABENDED ON CPUB PLEASE INVESTIGATE.,,,,,
INC711823,prx_sun EnrollPrx_sun BMGR_FAILURE,,,,,
INC623275,"MINOR: MCI-STL mrs2stl1 TWS_JOB_ABEND: Job 0AAAAAAAAAABVWEX.SMRS0280D failed, no recovery specified",,,,,
INC727443,iwProcExcept20140927 35Excptsbfh MTF_BMGR_FAILURE,,,,,
INC640786,MINOR: MCI-STL mrs2stl1 TWS_JOB_ABEND: Job SMRS0011W has failed.,,,,,
INC733274,Interminent login issues for MRS CE applications detected.,,,,,
INC637565,MINOR: MCI-STL mrs2stl1 TWS_JOB_ABEND: Job SMRS0028D has failed.,,,,,
INC631706,"MINOR: MCI-STL mrs2stl1 TWS_JOB_ABEND: Job 0AAAAAAAAAABWYGC.SMRS0320W failed, no recovery specified",,,,,
INC649459,MINOR: MCI-STL mrs2stl1 TWS_JOB_ABEND: Job SMRS0028D has failed.,,,,,
INC723177,iwProcExcept20140918 35Excptskb_c BMGR_FAILURE,,,,,
INC591404,"MINOR: MCI-STL mrs2stl1 TWS_JOB_ABEND: Job 0AAAAAAAAAABR7SO.SMRS0374D failed, no recovery specified",,,,,
INC630833,"MINOR: MCI-STL mrs2stl1 TWS_JOB_ABEND: Job 0AAAAAAAAAABWPV5.SMRS0050D failed, no recovery specified",,,,,
INC683645,"MRS - Rewards TRT - <INC683645> - 1-888-325-5324,5350283# <Keybank rewards site is showing 'kinks' page on login.>",,,,,
INC723588,ch1_EnrollOnly Enroll2Ch1 MTF_BMGR_FAILURE,,,,,
INC725401,ch1_EnrollOnly Enroll2Ch1 MTF_BMGR_FAILURE,,,,,
INC719683,iwProcExcept20140910 35Excptsspr BMGR_FAILURE,,,,,
INC616011,"MINOR: MCI-STL mrs2stl1 TWS_JOB_ABEND: Job 0AAAAAAAAAABUUPR.SMRS0369M failed, no recovery specified",,,,,
INC583831,"MINOR: MCI-STL mrs2stl1 TWS_JOB_ABEND: Job 0AAAAAAAAAABQ5IH.SMRS0164D failed, no recovery specified",,,,,
INC839654,Delay in delivering MRS Outbound Messages on 14-JUN,,,,,
INC599424,"MINOR: MCI-STL mrs2stl1 TWS_JOB_ABEND: Job 0AAAAAAAAAABSZW4.SMRS0060D failed, no recovery specified",,,,,
INC596715,"MINOR: MCI-STL mrs2stl1 TWS_JOB_ABEND: Job 0AAAAAAAAAABSWK5.SMRS0425D failed, no recovery specified",,,,,
INC635226,"MINOR: MCI-STL mrs2stl1 TWS_JOB_ABEND: Job 0AAAAAAAAAABXAUE.SMRS0046D failed, no recovery specified",,,,,
INC701187,SMRS0049D--Reason for failure on 24th July.,,,,,
INC608108,"MINOR: MCI-STL mrs2stl1 TWS_JOB_ABEND: Job 0AAAAAAAAAABT4IJ.SMRS0160D failed, no recovery specified",,,,,
INC586227,"MINOR: MCI-STL mrs2stl1 TWS_JOB_ABEND: Job 0AAAAAAAAAABRF6U.SMRS0243D failed, no recovery specified",,,,,
INC721845,MTF incoming failure,,,,,
INC722190,supbr SqlldrSupbr BMGR_FAILURE,,,,,
INC710993,"Need to cancel the job SMRS0050D for the day - Aug 19, 2014",,,,,
INC726846,bfcu ChkPostBfcu BMGR_FAILURE,,,,,
INC721337,nbk SqlldrNbk MTF_BMGR_FAILURE,,,,,
INC717416,tranrebateTra_chm1 ExtTranRebateTra_chm1 BMGR_FAILURE,,,,,
INC585776,"MINOR: MCI-STL mrs2stl1 TWS_JOB_ABEND: Job 0AAAAAAAAAABRF74.SMRS0050D failed, no recovery specified",,,,,
INC717430,Mainframe Overwrite today,,,,,
INC681123,ESB is detecting connection issues from MRS 2.0 webservices,,,,,
INC701429,MINOR: MCI-STL mrs2stl1 TWS_JOB_ABEND: Job SMRS0311D has failed.,,,,,
INC601915,"MINOR: MCI-STL mrs2stl1 TWS_JOB_ABEND: Job 0AAAAAAAAAABTCI6.SMRS0374D failed, no recovery specified",,,,,
INC711793,iwproctn FormatInet BMGR_FAILURE,,,,,
INC651424,MINOR: MCI-STL mrs2stl1 TWS_JOB_ABEND: Job SMRS0024D has failed.,,,,,
INC584872,"MINOR: MCI-STL mrs2stl1 TWS_JOB_ABEND: Job 0AAAAAAAAAABRGAG.SMRS0039W failed, no recovery specified",,,,,
INC655262,MINOR: MCI-STL mrs2stl1 TWS_JOB_ABEND: Job SMRS0234D has failed.,,,,,
INC778270,Keybank and Banamex Web site intermittent login failures,,,,,
INC729271,StmtCycle20141001 MstrLdC20141001 BMGR_FAILURE,,,,,
INC589724,"MINOR: MCI-STL mrs2stl1 TWS_JOB_ABEND: Job 0AAAAAAAAAABRXCG.SMRS0154D failed, no recovery specified",,,,,
INC595431,"MINOR: MCI-STL mrs2stl1 TWS_JOB_ABEND: Job 0AAAAAAAAAABSIJA.SMRS0233D failed, no recovery specified",,,,,
INC629109,MINOR: MCI-STL mrs2stl1 TWS_JOB_ABEND: Failure while rerunning failed job 0AAAAAAAAAABWPUD.SMRS0350D,,,,,
INC838967,MAJOR: MCI-STL mwf2stl1 The CPU may be overloaded (aggregate CPU utilization is 99.99%).,,,,,
INC570265,"MINOR: MCI-STL mrs2stl1 TWS_JOB_ABEND: Job 0AAAAAAAAAABPSY6.SMRS0057D failed, no recovery specified",,,,,
INC719142,File for OTP got rejected due to invalid record length in one record.,,,,,
INC715802,bsp 35ExCheckBsp BMGR_FAILURE,,,,,
INC581896,MAJOR: MCI-STL mrs2stl2 UNIX_FILE_SYSTEM: The file system (/apps_data_pmrs3) is almost full (92% USED). There are  (1870) mb used and (178) mb available,,,,,
INC825615,Remote Card Embossing issue with one user,,,,,
INC713812,banrisul SqlldrBanrisul MTF_BMGR_FAILURE,,,,,
INC719578,tby EnrollTby MTF_BMGR_FAILURE,,,,,
INC733695,Interminent login issues for MRS CE applications detected.,,,,,
INC729125,Test for Loyalty Rewards/MRS-System Apps/Batch Resolution,,,,,
INC718539,MRS Webservices not processing messages.,,,,,
INC814135,KeyBank Promotion Point Liability - 3/18/2015,,,,,
INC681132,MRS REwards TRT 1-888-325-5324 pin #5350283 Seeing some calls failing to establish connection to MasterCard Rewards System (MRS) WS 2.0,,,,,
INC585727,"MINOR: MCI-STL mrs2stl1 TWS_JOB_ABEND: Job 0AAAAAAAAAABRF6T.SMRS0280D failed, no recovery specified",,,,,
INC697637,Memory exceeded on KSC HSM,,,,,
INC770109,User unable to access MasterCard Rewards,,,,,
INC726291,Vendor Response file got failed,,,,,
INC831898,user p017454 unable to log into webfocus in MTF,,,,,
INC720465,Vendor Response file got failed while  processing,,,,,
INC713758,Incoming Failure,,,,,
INC605773,"MINOR: MCI-STL mrs2stl1 TWS_JOB_ABEND: Job 0AAAAAAAAAABTTM7.SMRS0419M failed, no recovery specified",,,,,
INC745821,"When Comdata promotions were activated, Fuelman was not excluded",,,,,
INC726842,bfcu ChkLoadBfcu BMGR_FAILURE,,,,,
INC722678,bsp TXProcBsp BMGR_FAILURE,,,,,
INC716918,tranrebateTra_chm1 ExtTranRebateTra_chm1,,,,,
INC578249,"MINOR: MCI-STL mrs2stl1 TWS_JOB_ABEND: Job 0AAAAAAAAAABQMJC.SMRS0132D failed, no recovery specified",,,,,
INC724334,prx_sun EnrollPrx_sun BMGR_FAILURE,,,,,
INC727354,supbr ChkPostSupbr BMGR_FAILURE,,,,,
INC722164,Duplicate File received for Banco do Estado do Rio Grande do Sul S.A. (ICA:7782 Filename:MCI.AR.RE91.M.E0071894.D140915.T143812.H001 ),,,,,
INC726207,sb_EnrollOnly EnrollSb MTF_BMGR_FAILURE,,,,,
INC649368,MINOR: MCI-STL mrs2stl1 TWS_JOB_ABEND: Job SMRS0405D has failed.,,,,,
INC700928,"Need Assisstence -Incoming file failure for OBU,CAB",,,,,
INC719150,iwproctn TXProcKb BMGR_FAILURE,,,,,
INC657633,MRS Consumer Experience - KeyBank Unable to Login - Registration shows Accolade Bank,,,,,
INC711396,Transfer failure,,,,,
INC586035,MINOR: MCI-STL mrs2stl1 TWS_JOB_ABEND: Failure while rerunning failed job 0AAAAAAAAAABRGAF.SMRS0002D,,,,,
INC701451,MRS2STL1 : set limmit to zero,,,,,
INC599174,"MINOR: MCI-STL mrs2stl1 TWS_JOB_ABEND: Job 0AAAAAAAAAABSZXN.SMRS0039W failed, no recovery specified",,,,,
INC726045,faysal VerifFaysal BMGR_FAILURE,,,,,
INC579490,MINOR: MCI-STL cjs2stl50 TWS_JOB_ABEND: Failure while rerunning failed job 0AAAAAAAAAABQTO5.SPBP0001D,,,,,
INC724336,MTF incoming failure,,,,,
INC585160,"MINOR: MCI-STL mrs2stl1 TWS_JOB_ABEND: Job 0AAAAAAAAAABRF5X.SMRS0337D failed, no recovery specified",,,,,
INC728554,test,,,,,
INC724210,Cancel the Daily job SMRS0311D and SMRS0300D for the day (20-SEP-2014),,,,,
INC718707,otp EnrollOtp BMGR_FAILURE,,,,,
INC840574,MINOR: MCI-STL mrs2stl1 Failed - Unknown File Received at Tue Jun 16 22:03:15 CDT 2015,,,,,
INC615032,CRITICAL: MCI-STL mrs2stl2 UNIX_FILE_SYSTEM: The file system (/apps_data_pmrs3) is almost full (95% USED). There are  (1928) mb used and (120) mb available,,,,,
INC723058,kb_c EnrollKb_c MTF_BMGR_FAILURE,,,,,
INC713395,iwproctn EnrollSec BMGR_FAILURE,,,,,
INC596070,"MINOR: MCI-STL mrs2stl1 TWS_JOB_ABEND: Job 0AAAAAAAAAABSQ3J.SMRS0315D failed, no recovery specified",,,,,
INC656914,RECURRING MERCHANT TERMINAL DATA BASE ISSUE,,,,,
INC623477,"MINOR: MCI-STL mrs2stl1 TWS_JOB_ABEND: Job 0AAAAAAAAAABVWER.SMRS0421D failed, no recovery specified",,,,,
INC723189,wProcExcept20140918 35Excptsbfh BMGR_FAILURE,,,,,
INC623344,"MINOR: MCI-STL mrs2stl1 TWS_JOB_ABEND: Job 0AAAAAAAAAABVWEX.SMRS0022D failed, no recovery specified",,,,,
INC579638,"MINOR: MCI-STL mrs2stl1 TWS_JOB_ABEND: Job 0AAAAAAAAAABQU2Z.SMRS0374D failed, no recovery specified",,,,,
INC624516,"MINOR: MCI-STL mrs2stl1 TWS_JOB_ABEND: Job 0AAAAAAAAAABV6VE.SMRS0419M failed, no recovery specified",,,,,
INC597645,"MINOR: MCI-STL mrs2stl1 TWS_JOB_ABEND: Job 0AAAAAAAAAABSQ3O.SMRS0064D failed, no recovery specified",,,,,
INC782773,Easysavings site not pulling up,,,,,
INC618301,"MINOR: MCI-STL mrs2stl1 TWS_JOB_ABEND: Job 0AAAAAAAAAABU44V.SMRS0280D failed, no recovery specified",,,,,
INC789298,Unknown File MCI.AR.RV68.M.E0070874.H001,,,,,
INC589419,"MINOR: MCI-STL mrs2stl1 TWS_JOB_ABEND: Job 0AAAAAAAAAABRXDD.SMRS0039W failed, no recovery specified",,,,,
INC624854,"MINOR: MCI-STL mrs2stl1 TWS_JOB_ABEND: Job 0AAAAAAAAAABV6UD.SMRS0022D failed, no recovery specified",,,,,
INC625523,"MINOR: MCI-STL mrs2stl1 TWS_JOB_ABEND: Job 0AAAAAAAAAABWMJ2.SMRS0445M failed, no recovery specified",,,,,
INC647045,MINOR: MCI-STL mrs2stl1 TWS_JOB_ABEND: Job SMRS0280D has failed.,,,,,
INC722094,supbr SqlldrSupbr BMGR_FAILURE,,,,,
INC715302,prv 35ExCheckPrv BMGR_FAILURE,,,,,
INC577740,"MINOR: MCI-STL mrs2stl1 TWS_JOB_ABEND: Job 0AAAAAAAAAABQMJL.SMRS0300D failed, no recovery specified",,,,,
INC573565,"MINOR: MCI-STL mrs2stl1 TWS_JOB_ABEND: Job 0AAAAAAAAAABP3KF.SMRS0050D failed, no recovery specified",,,,,
INC629111,MINOR: MCI-STL mrs2stl1 TWS_JOB_ABEND: Failure while rerunning failed job 0AAAAAAAAAABWPWA.SMRS0002D,,,,,
INC635064,"MINOR: MCI-STL mrs2stl1 TWS_JOB_ABEND: Job 0AAAAAAAAAABXAVK.SMRS0419M failed, no recovery specified",,,,,
INC722221,svb SqlldrSvb BMGR_FAILURE,,,,,
INC619344,"MINOR: MCI-STL mrs2stl1 TWS_JOB_ABEND: Job 0AAAAAAAAAABVFI3.SMRS0374D failed, no recovery specified",,,,,
INC720040,iwproctn TXProcKb BMGR_FAILURE,,,,,
INC712380,Incoming failures,,,,,
INC629324,"MINOR: MCI-STL mrs2stl1 TWS_JOB_ABEND: Job 0AAAAAAAAAABWPUR.SMRS0374D failed, no recovery specified",,,,,
INC623139,"MINOR: MCI-STL mrs2stl1 TWS_JOB_ABEND: Job 0AAAAAAAAAABVWEW.SMRS0022D failed, no recovery specified",,,,,
INC715876,Partition activity going on for TRANS_DETAIL,,,,,
INC714358,iwproctn EnrollBmsa BMGR_FAILURE,,,,,
INC728975,nbk SqlldrNbk BMGR_FAILURE,,,,,
INC606230,"MINOR: MCI-STL mrs2stl1 TWS_JOB_ABEND: Job 0AAAAAAAAAABTTNX.SMRS0437W failed, no recovery specified",,,,,
INC719580,banrisul GenCDTBanrisul BMGR_FAILURE,,,,,
INC712261,prx_sun EnrollPrx_sun BMGR_FAILURE,,,,,
INC703547,MINOR: MCI-STL mrs2stl1 TWS_JOB_ABEND: Job SMRS0098D has failed.,,,,,
INC697771,Few jobs were missed on 13th July in MRS2STL11,,,,,
INC648236,MINOR: MCI-STL mrs2stl1 TWS_JOB_ABEND: Job SMRS0064D has failed.,,,,,
INC617863,"MINOR: MCI-STL mrs2stl1 TWS_JOB_ABEND: Job 0AAAAAAAAAABU44O.SMRS0421D failed, no recovery specified",,,,,
INC725484,tby_EnrollOnly EnrollTby BMGR_FAILURE,,,,,
INC621063,"MINOR: MCI-STL mrs2stl1 TWS_JOB_ABEND: Job 0AAAAAAAAAABVFJB.SMRS0374D failed, no recovery specified",,,,,
INC711856,DMDailyExec_SU DMLoadMainSU BMGR_FAILURE,,,,,
INC646421,MINOR: MCI-STL mrs2stl1 TWS_JOB_ABEND: Job SMRS0011W has failed.,,,,,
INC582520,"MINOR: MCI-STL mrs2stl1 TWS_JOB_ABEND: Job 0AAAAAAAAAABQ5IE.SMRS0007D failed, no recovery specified",,,,,
INC833564,MRS Production database seeing performance issues.,,,,,
INC722904,iwproctn EnrollCpusa BMGR_FAILURE,,,,,
INC729373,cbe_EnrollOnly EnrollCbe BMGR_FAILURE,,,,,
INC716267,prv ChkLoadPrv BMGR_FAILURE,,,,,
INC712374,supbr EnrollSupbr BMGR_FAILURE,,,,,
INC729364,prx_sun EnrollPrx_sun BMGR_FAILURE,,,,,
INC595420,"MINOR: MCI-STL mrs2stl1 TWS_JOB_ABEND: Job 0AAAAAAAAAABSIJA.SMRS0205D failed, no recovery specified",,,,,
INC716265,ahb ChkLoadAhb BMGR_FAILURE,,,,,
INC641159,MINOR: MCI-STL mrs2stl2 TWS_JOB_ABEND: Failure while rerunning failed job XMRS0002D_MTF.,,,,,
INC746522,keybankrewards.com site experiencing slowness,,,,,
INC834620,MAJOR: MCI-STL mwf2stl1 The CPU may be overloaded (aggregate CPU utilization is 99.99%).,,,,,
INC720164,iwProcExcept20140910 35Excptsspr BMGR_FAILURE,,,,,
INC595419,"MINOR: MCI-STL mrs2stl1 TWS_JOB_ABEND: Job 0AAAAAAAAAABSIKW.SMRS0016D failed, no recovery specified",,,,,
INC599717,"MINOR: MCI-STL mrs2stl1 TWS_JOB_ABEND: Job 0AAAAAAAAAABSZVG.SMRS0164D failed, no recovery specified",,,,,
INC719152,iwproctn TXProcEz BMGR_FAILURE,,,,,
INC616882,"MINOR: MCI-STL mrs2stl1 TWS_JOB_ABEND: Job 0AAAAAAAAAABUUOO.SMRS0374D failed, no recovery specified",,,,,
INC720683,iwProcExcept20140911 ExSqlldrkb MTF_BMGR_FAILURE,,,,,
INC724204,ch1_EnrollOnly Enroll2Ch1 MTF_BMGR_FAILURE,,,,,
INC722722,iwProcExcept20140917 35Excptsbmo_tra BMGR_FAILURE,,,,,
INC641158,MINOR: MCI-STL mrs2stl2 TWS_JOB_ABEND: Failure while rerunning failed job XMRS0013D_MTF.,,,,,
INC722882,svb EnrollSvb BMGR_FAILURE,,,,,
INC637819,MINOR: MCI-STL mrs2stl1 TWS_JOB_ABEND: Job SMRS0450W has failed.,,,,,
INC594531,MAJOR: MCI-STL mrs2stl1 UNIX_PROCESS: UpdRmanOsOracle -  The (/bin/ksh*  ) process is Killed or Missing!!,,,,,
INC582087,"MINOR: MCI-STL mrs2stl1 TWS_JOB_ABEND: Job 0AAAAAAAAAABQ5I6.SMRS0138D failed, no recovery specified",,,,,
INC629796,"MINOR: MCI-STL mrs2stl1 TWS_JOB_ABEND: Job 0AAAAAAAAAABWPT6.SMRS0410D failed, no recovery specified",,,,,
INC727776,incoming failure,,,,,
INC723488,MTF bmgr kb_c - Main Process FAIL,,,,,
INC719697,tby_EnrollOnly EnrollTby MTF_BMGR_FAILURE,,,,,
INC718865,Duplicate File received for National Bank of Kuwait (ICA:6905 Filename:MCI.AR.RE91.M.E0077993.D140907.T042103.H001 ),,,,,
INC716258,ibq ChkLoadIbq BMGR_FAILURE,,,,,
INC667318,CRITICAL: MCI-STL mwf2stl1 Filesystem /sys_apps_01/mrs/webfocus is 99% full (853 MB free).,,,,,
INC632335,Multiple external users reporting MRS customer service application issues,,,,,
INC715630,prv 35ExCheckPrv BMGR_FAILURE,,,,,
INC637566,MINOR: MCI-STL mrs2stl1 TWS_JOB_ABEND: Job SMRS0039D has failed.,,,,,
INC702832,Few jobs were missed on 13th July in MRS2STL11,,,,,
INC598496,"MINOR: MCI-STL mrs2stl1 TWS_JOB_ABEND: Job 0AAAAAAAAAABSZV6.SMRS0280D failed, no recovery specified",,,,,
INC713370,Job SMRS0029W failed,,,,,
INC641456,MINOR: MCI-STL mrs2stl1 TWS_JOB_ABEND: Job SMRS0181W has failed.,,,,,
INC582341,MINOR: MCI-STL mrs2stl1 TWS_JOB_ABEND: Failure while rerunning failed job 0AAAAAAAAAABQ5KJ.SMRS0002D,,,,,
INC713403,bsp EnrollBsp BMGR_FAILURE,,,,,
INC601154,"MINOR: MCI-STL mrs2stl1 TWS_JOB_ABEND: Job 0AAAAAAAAAABTCIH.SMRS0415D failed, no recovery specified",,,,,
INC712203,bsp FileWatcherBsp BMGR_FAILURE,,,,,
INC711144,Received duplicate INET file on 18th August,,,,,
INC631074,"MINOR: MCI-STL mrs2stl1 TWS_JOB_ABEND: Job 0AAAAAAAAAABW5L5.SMRS0166D failed, no recovery specified",,,,,
INC653793,MINOR: MCI-STL mrs2stl1 TWS_JOB_ABEND: Job SMRS0042D has failed.,,,,,
INC678962,MRS issues connecting to NOVA via CyberSource,,,,,
INC605276,MRS Experiencing Slow Responsiveness,,,,,
INC664592,MINOR: MCI-STL mrs2stl1 TWS_JOB_ABEND: Job SMRS0050D has failed.,,,,,
INC589464,"MINOR: MCI-STL mrs2stl1 TWS_JOB_ABEND: Job 0AAAAAAAAAABRXCA.SMRS0300D failed, no recovery specified",,,,,
INC595289,"MINOR: MCI-STL mrs2stl1 TWS_JOB_ABEND: Job 0AAAAAAAAAABSIJ2.SMRS0250D failed, no recovery specified",,,,,
INC728899,incoming failure,,,,,
INC614361,MAJOR: MCI-STL mrs2stl1 UNIX_PROCESS: UpdRmanOsOracle -  The (/bin/ksh*  ) process is Killed or Missing!!,,,,,
INC703604,DB Session build causing application performance issues.,,,,,
INC716271,otp ChkLoadOtp BMGR_FAILURE,,,,,
INC748064,Programs duplicated in Sytem Maintenance Program: drop down,,,,,
INC727969,Incoming Failure,,,,,
INC664374,MINOR: MCI-STL mrs2stl1 TWS_JOB_ABEND: Job SMRS0154D has failed.,,,,,
INC667496,KeyBank Single Sign On down and Logut not working - Production,,,,,
INC625073,"MINOR: MCI-STL mrs2stl1 TWS_JOB_ABEND: Job 0AAAAAAAAAABV6UE.SMRS0280D failed, no recovery specified",,,,,
INC849582,MAJOR: MCI-STL mwf2stl1 The CPU may be overloaded (aggregate CPU utilization is 99.99%).,,,,,
INC570768,MRS INternet Redemptions Operating < 50% Capacity,,,,,
INC610912,Cancel the job SMRS0435W for November 15,,,,,
INC590759,"MINOR: MCI-STL mrs2stl1 TWS_JOB_ABEND: Job 0AAAAAAAAAABRXBY.SMRS0149D failed, no recovery specified",,,,,
INC845968,MAJOR: MCI-STL mwf2stl1 The CPU may be overloaded (aggregate CPU utilization is 99.99%).,,,,,
INC597606,"MINOR: MCI-STL mrs2stl1 TWS_JOB_ABEND: Job 0AAAAAAAAAABSQ4C.SMRS0374D failed, no recovery specified",,,,,
INC590758,"MINOR: MCI-STL mrs2stl1 TWS_JOB_ABEND: Job 0AAAAAAAAAABR4MX.SMRS0315D failed, no recovery specified",,,,,
INC721634,nbk SqlldrNbk BMGR_FAILURE,,,,,
INC722120,kb 35ExCheck2kb MTF_BMGR_FAILURE,,,,,
INC667229,CRITICAL: MCI-STL mwf2stl1 Filesystem /sys_apps_01/mrs/webfocus is 99% full (524 MB free).,,,,,
INC709815,Cancel the Daily job SMRS0311D and SMRS0300D  for the day (16-AUG-2014),,,,,
INC658983,MINOR: MCI-STL mrs2stl1 TWS_JOB_ABEND: Job SMRS0154D has failed.,,,,,
INC651172,"JBoss mount point is missing on wjb2ksc44,  IR server returning 404 error",,,,,
INC699577,Hold SMRS0295D for the day - 22 Jul 2014,,,,,
INC667305,MINOR: MCI-STL mrs2stl1 TWS_JOB_ABEND: Job SMRS0064D has failed.,,,,,
INC670693,Surpreenda Traffic crashed MRS Overflow Apache Servers,,,,,
INC725398,ch1_EnrollOnly Enroll2Ch1 MTF_BMGR_FAILURE,,,,,
INC756994,MAJOR: MCI-STL mrs2stl2 UNIX_FILE_SYSTEM: The file system (/apps_01) is almost full (89% USED). There are  (30688) mb used and (4128) mb available,,,,,
INC665154,MINOR: MCI-STL mrs2stl1 TWS_JOB_ABEND: Job SMRS0022D has failed.,,,,,
INC712888,bsp EnrollBsp BMGR_FAILURE,,,,,
INC616103,"MINOR: MCI-STL mrs2stl1 TWS_JOB_ABEND: Job 0AAAAAAAAAABUUPC.SMRS0154D failed, no recovery specified",,,,,
INC778581,Rewards Consumer Experience Connection Errors - 1 Node,,,,,
INC693120,MINOR: MCI-STL mrs2stl1 TWS_JOB_ABEND: Job SMRS0245D_AUDIT has failed.,,,,,
INC649370,MINOR: MCI-STL mrs2stl1 TWS_JOB_ABEND: Job SMRS0124D has failed.,,,,,
INC728189,INCOMING FAILURE,,,,,
INC605738,"MINOR: MCI-STL mrs2stl1 TWS_JOB_ABEND: Job 0AAAAAAAAAABTTM7.SMRS0367M failed, no recovery specified",,,,,
INC726082,iwproctn PromoRebateTby_rmb BMGR_FAILURE,,,,,
INC728056,Incoming failure,,,,,
INC720045,bc2lr TXProcbc2 BMGR_FAILURE,,,,,
INC578179,To Cancel the Job SMRS0163W & SMRS0096W,,,,,
INC716069,incoming failure,,,,,
INC703784,Please add mrs_batch_support@mastercard.com in outage mail alert group,,,,,
INC716264,pbp ChkLoadPbp BMGR_FAILURE,,,,,
INC776110,DataMart application performance is extremely slow,,,,,
INC593360,CRITICAL: MCI-STL mrs2stl2 UNIX_FILE_SYSTEM: The file system (/apps_data_pmrs3) is FULL !!!  (100% USED). There are  (2048) mb used and (0) mb available,,,,,
INC629110,MINOR: MCI-STL mrs2stl1 TWS_JOB_ABEND: Failure while rerunning failed job 0AAAAAAAAAABWPUD.SMRS0041D,,,,,
INC634077,"MINOR: MCI-STL mrs2stl1 TWS_JOB_ABEND: Job 0AAAAAAAAAABXAWE.SMRS0320W failed, no recovery specified",,,,,
INC714999,Incoming failure from KEYBANK NATIONAL ASSOCIATION - RPS(ICA - 6687),,,,,
INC601201,MINOR: MCI-STL mrs2stl1 TWS_JOB_ABEND: Failure while rerunning failed job 0AAAAAAAAAABTCKL.SMRS0002D,,,,,
INC721587,svb SqlldrSvb BMGR_FAILURE,,,,,
INC585013,"MINOR: MCI-STL mrs2stl1 TWS_JOB_ABEND: Job 0AAAAAAAAAABRF7S.SMRS0368M failed, no recovery specified",,,,,
INC593348,MRS - Customer Service - PRODUCTION - Proxy Errors,,,,,
INC716111,RE: supbr batch manager starting  issue,,,,,
INC600231,MAJOR: MCI-STL mrs2stl1 UNIX_FILE_SYSTEM: The file system (/apps_01) is almost full (85% USED). There are  (352790) mb used and (66282) mb available,,,,,
INC656571,issue with loyalty rewards system,,,,,
INC576669,AJOR: MCI-STL mrs2stl1 UNIX_FILE_SYSTEM: The file system (/apps_data_pmrs2) is almost full (90% USED). There are  (1492411) mb used and (178757) mb available. INC576669 2013-08-06 14:49:10,,,,,
INC716898,"KeyBank logins slow, sometimes failing",,,,,
INC715643,bsp FileWatcherBsp BMGR_FAILURE,,,,,
INC783268,Intermittent issues with Keybank and Banamex Consumer Experience sites,,,,,
INC591099,"MINOR: MCI-STL mrs2stl1 TWS_JOB_ABEND: Job 0AAAAAAAAAABRXBT.SMRS0374D failed, no recovery specified",,,,,
INC724275,iwProcExcept20140920 35Excptskb_c MTF_BMGR_FAILURE,,,,,
INC721595,svb SqlldrSvb BMGR_FAILURE,,,,,
INC621663,"MINOR: MCI-STL mrs2stl1 TWS_JOB_ABEND: Job 0AAAAAAAAAABVNX3.SMRS0374D failed, no recovery specified",,,,,
INC669510,Please set the limit to 0,,,,,
INC723708,prx_sun_EnrollOnly Enroll2Prx_sun BMGR_FAILURE,,,,,
INC610980,"MINOR: MCI-STL mrs2stl1 TWS_JOB_ABEND: Job 0AAAAAAAAAABUEJN.SMRS0435W failed, no recovery specified",,,,,
INC674842,PROBLEM - mrs_webchecks/WebCheck-MRS-www.loyaltyrewards.com-KeyBankRewards is CRITICAL,,,,,
INC729300,StmtCycle20141001 XferC20141001G1142 BMGR_FAILURE,,,,,
INC727436,iwProcExcept20140927 35Excptsspr MTF_BMGR_FAILURE,,,,,
INC723233,Duplicate File received for Sunrise Bank - Praxell - Enrollments ( ICA: 13005 FILENAME: MCI.AR.RE89.M.E0072646.D140918.T051004.H001 ),,,,,
INC727870,"RDC-BNE MasterCard Alert, embossing system was on maintenance",,,,,
INC712328,Please cancel SMRS0060D,,,,,
INC741620,Surpreenda web site instability,,,,,
INC708570,Cancel the job SMRS0036W for the day (13-8-2014),,,,,
INC593259,CRITICAL: MCI-STL mrs2stl2 UNIX_FILE_SYSTEM: The file system (/apps_data_pmrs3) is almost full (99% USED). There are  (2024) mb used and (24) mb available,,,,,
INC581906,"MINOR: MCI-STL mrs2stl1 TWS_JOB_ABEND: Job 0AAAAAAAAAABQ5KA.SMRS0191D failed, no recovery specified",,,,,
INC665489,MINOR: MCI-STL mrs2stl1 TWS_JOB_ABEND: Job SMRS0022D has failed.,,,,,
INC598168,"MINOR: MCI-STL mrs2stl1 TWS_JOB_ABEND: Job 0AAAAAAAAAABSQ4E.SMRS0057D failed, no recovery specified",,,,,
INC608110,"MINOR: MCI-STL mrs2stl1 TWS_JOB_ABEND: Job 0AAAAAAAAAABT4JZ.SMRS0435W failed, no recovery specified",,,,,
INC727900,nbk SqlldrNbk MTF_BMGR_FAILURE,,,,,
INC621496,"MINOR: MCI-STL mrs2stl1 TWS_JOB_ABEND: Job 0AAAAAAAAAABVNXG.SMRS0310D failed, no recovery specified",,,,,
INC719155,iwProcExcept20140909 35Excptsspr BMGR_FAILURE,,,,,
INC680991,INFORMATIONAL: MCI-STL mrs2stl1 UNIX_FILE_SYSTEM: The file system (/MRS_ARCHIVE) is almost full (96% USED). There are  (93082) mb used and (4838) mb available,,,,,
INC724711,Rebate extract for MasterCard Savings.  20140921000102,,,,,
INC620101,"MINOR: MCI-STL mrs2stl1 TWS_JOB_ABEND: Job 0AAAAAAAAAABVFI6.SMRS0374D failed, no recovery specified",,,,,
INC678274,Consumer Experience is trigger monitors due to time out.,,,,,
INC584907,MAJOR: MCI-STL mrs2stl1 UNIX_FILE_SYSTEM: The file system (/apps_data_pmrs2) is almost full (90% USED). There are  (1494451) mb used and (176717) mb available,,,,,
INC622950,"MINOR: MCI-STL mrs2stl1 TWS_JOB_ABEND: Job 0AAAAAAAAAABVWGN.SMRS0011W failed, no recovery specified",,,,,
INC720881,IRD Value is NULL in rebate file for cap1 member,,,,,
INC722131,supbr SqlldrSupbr BMGR_FAILURE,,,,,
INC724283,iwProcExcept20140920 35Excptskb MTF_BMGR_FAILURE,,,,,
INC630806,"MINOR: MCI-STL mrs2stl1 TWS_JOB_ABEND: Job 0AAAAAAAAAABWPV4.SMRS0050D failed, no recovery specified",,,,,
INC683501,External Customer Contact,,,,,
INC603859,MINOR: MCI-STL mrs2stl1 TWS_JOB_ABEND: Failure while rerunning failed job 0AAAAAAAAAABTK3F.SMRS0350D,,,,,
INC723481,spr Enroll2Spr MTF_BMGR_FAILURE,,,,,
INC601583,"MINOR: MCI-STL mrs2stl1 TWS_JOB_ABEND: Job 0AAAAAAAAAABTCKR.SMRS0039W failed, no recovery specified",,,,,
INC722213,kb 35Excptskb BMGR_FAILURE,,,,,
INC622538,"MINOR: MCI-STL mrs2stl1 TWS_JOB_ABEND: Job 0AAAAAAAAAABVNYE.SMRS0037D failed, no recovery specified",,,,,
INC690548,CHG152551 - Copy MasterAssist data from Prod - Pre Prod Issue,,,,,
INC726042,faysal GenCDTFaysal BMGR_FAILURE,,,,,
INC717434,StmtCycle20140901 SpoolC20140901G461 BMGR_FAILURE,,,,,
INC616033,"MINOR: MCI-STL mrs2stl1 TWS_JOB_ABEND: Job 0AAAAAAAAAABUUPR.SMRS0419M failed, no recovery specified",,,,,
INC834509,Minor Impact Notification: Rewards System Degradation this morning.,,,,,
INC720322,iwProcExcept20140911 ExChkPostkb_c MTF_BMGR_FAILURE,,,,,
INC608683,MINOR: MCI-STL mrs2stl1 TWS_JOB_ABEND: Failure while rerunning failed job 0AAAAAAAAAABT4HV.SMRS0350D,,,,,
INC662640,MINOR: MCI-STL mrs2stl2 TWS_JOB_ABEND: Job XMRS0013D_MTF has failed.,,,,,
INC644117,MINOR: MCI-STL mrs2stl1 TWS_JOB_ABEND: Job SMRS0250D has failed.,,,,,
INC721632,tranrebateTra_chm1 ExtTranRebateTra_chm1 BMGR_FAILURE,,,,,
INC726824,"The Supreenda ""widget"" will not display properly.",,,,,
INC624522,"MINOR: MCI-STL mrs2stl1 TWS_JOB_ABEND: Job 0AAAAAAAAAABV6T3.SMRS0421D failed, no recovery specified",,,,,
INC713375,SMRS0050D failed,,,,,
INC654213,MINOR: MCI-STL mrs2stl1 TWS_JOB_ABEND: Job SMRS0280D has failed.,,,,,
INC610566,"MINOR: MCI-STL mrs2stl1 TWS_JOB_ABEND: Job 0AAAAAAAAAABT4JO.SMRS0050D failed, no recovery specified",,,,,
INC667136,MINOR: MCI-STL mrs2stl1 TWS_JOB_ABEND: Job SMRS0028D has failed.,,,,,
INC722719,iwProcExcept20140917 35Excptskb_c BMGR_FAILURE,,,,,
INC715629,iwproctn EnrollSec BMGR_FAILURE,,,,,
INC580322,CRITICAL: MCI-STL mrs2stl1 UNIX_FILE_SYSTEM: The file system (/apps_01) is almost full (95% USED). There are  (395595) mb used and (23477) mb available,,,,,
INC657701,Recurring Database locks,,,,,
INC703958,Due to urgent database restart need to pause all tivoli schedule,,,,,
INC722938,iwproctn EnrollSunbk BMGR_FAILURE,,,,,
INC590756,MINOR: MCI-STL mrs2stl1 TWS_JOB_ABEND: Failure while rerunning failed job 0AAAAAAAAAABRXBF.SMRS0350D,,,,,
INC607066,"MINOR: MCI-STL mrs2stl1 TWS_JOB_ABEND: Job 0AAAAAAAAAABTTMA.SMRS0280D failed, no recovery specified",,,,,
INC634582,MINOR: MCI-STL mrs2stl1 TWS_JOB_ABEND: Job SMRS0369M has failed.,,,,,
INC722224,DMDailyExec DMDimeDay BMGR_FAILURE,,,,,
INC639987,"MINOR: MCI-STL mrs2stl1 TWS_JOB_ABEND: Job 0AAAAAAAAAABXRWJ.SMRS0450W failed, no recovery specified",,,,,
INC636321,"MINOR: MCI-STL mrs2stl1 TWS_JOB_ABEND: Job 0AAAAAAAAAABXJHQ.SMRS0320W failed, no recovery specified",,,,,
INC659380,MINOR: MCI-STL mrs2stl1 TWS_JOB_ABEND: Job SMRS0154D has failed.,,,,,
INC696200,Real Time Notification system issues post 7/12 deployment,,,,,
INC715900,otp ResetMntPntsOtp BMGR_FAILURE,,,,,
INC715209,iwproctn EnrollSec BMGR_FAILURE,,,,,
INC728380,faysal GenCDTFaysal BMGR_FAILURE,,,,,
INC720818,MTF Batch Manager Start Error for tra_bmo,,,,,
INC615844,"MINOR: MCI-STL mrs2stl1 TWS_JOB_ABEND: Job 0AAAAAAAAAABUUPV.SMRS0430M failed, no recovery specified",,,,,
INC642425,MINOR: MCI-STL mrs2stl1 TWS_JOB_ABEND: Job SMRS0450W has failed.,,,,,
INC574691,"MINOR: MCI-STL mrs2stl1 TWS_JOB_ABEND: Job 0AAAAAAAAAABP3JE.SMRS0280D failed, no recovery specified",,,,,
INC741670,MAJOR: MCI-STL pdw2stl10 UNIX_FILE_SYSTEM: The file system (/apps_data/mrs1) is almost full (90% USED). There are  (1369126) mb used and (166874) mb available,,,,,
INC698367,"MRS 2.0 WS -- Encryption not working, restart required",,,,,
INC647565,MINOR: MCI-STL mrs2stl1 TWS_JOB_ABEND: Job SMRS0374D has failed.,,,,,
INC720470,bsp EnrollBsp BMGR_FAILURE,,,,,
INC714837,iwproctn EnrollGetnp BMGR_FAILURE,,,,,
INC721374,MTF incoming failure - MCI.AR.RY83.M.E0079600.D140914.T030551.H001,,,,,
INC694013,Blocking session causing service degradation.,,,,,
INC818649,MRS CE unresponsive in KSC,,,,,
INC605804,"MINOR: MCI-STL mrs2stl1 TWS_JOB_ABEND: Job 0AAAAAAAAAABTTLC.SMRS0007D failed, no recovery specified",,,,,
INC607082,"MINOR: MCI-STL mrs2stl1 TWS_JOB_ABEND: Job 0AAAAAAAAAABTTM4.SMRS0060D failed, no recovery specified",,,,,
INC665052,MINOR: MCI-STL mrs2stl1 TWS_JOB_ABEND: Job SMRS0280D has failed.,,,,,
INC770180,JBoss hung on wjb2ksc44,,,,,
INC642471,INFORMATIONAL: MCI-STL mwf2stl1 Filesystem /sys_apps_01/mrs/webfocus is 96% full (3620 MB free).,,,,,
INC720041,kb ChkPost2kb BMGR_FAILURE,,,,,
INC582824,"MINOR: MCI-STL mrs2stl1 TWS_JOB_ABEND: Job 0AAAAAAAAAABQ5I7.SMRS0138D failed, no recovery specified",,,,,
INC664067,MINOR: MCI-STL mrs2stl1 TWS_JOB_ABEND: Job SMRS0154D has failed.,,,,,
INC725923,MRSProcessExtTranRebate.20140923173459,,,,,
INC630144,"MINOR: MCI-STL mrs2stl1 TWS_JOB_ABEND: Job 0AAAAAAAAAABWPT7.SMRS0311D failed, no recovery specified",,,,,
INC578354,ICA 1001 Cap One qualification showing irregularities,,,,,
INC721565,"MRS KSC webseals are throwing errors, MRS CE users being unable to connect",,,,,
INC725935,kb_int ChkPAccKb_int MTF_BMGR_FAILURE,,,,,
INC573568,"MINOR: MCI-STL mrs2stl1 TWS_JOB_ABEND: Job 0AAAAAAAAAABP3IG.SMRS0311D failed, no recovery specified",,,,,
INC720336,iwProcExcept20140911 35Excptskb MTF_BMGR_FAILURE,,,,,
INC637564,MINOR: MCI-STL mrs2stl1 TWS_JOB_ABEND: Job SMRS0012D has failed.,,,,,
INC722023,MINOR: MCI-STL mrs2stl1 TWS_JOB_ABEND: Job SMRS0154D has failed.,,,,,
INC626206,"MINOR: MCI-STL mrs2stl1 TWS_JOB_ABEND: Job 0AAAAAAAAAABV6UB.SMRS0421D failed, no recovery specified",,,,,
INC729164,test,,,,,
INC584472,"MINOR: MCI-STL mrs2stl1 TWS_JOB_ABEND: Job 0AAAAAAAAAABRF5V.SMRS0007D failed, no recovery specified",,,,,
INC722744,MTF incoming failure from COMMERCIAL INTERNATIONAL BANK (EGYPT) S.(ICA - 7519),,,,,
INC716141,MRS Consumer Experience Sites are experiencing limited availiblity. Only affecting MRS KeyBank and Banamex IR sites.,,,,,
INC629112,"MINOR: MCI-STL mrs2stl1 TWS_JOB_ABEND: Job 0AAAAAAAAAABWPWN.SMRS0011W failed, no recovery specified",,,,,
INC728818,sanmx EnrollSanmx BMGR_FAILURE,,,,,
INC698327,MINOR: MCI-STL mrs2stl2 TWS_JOB_ABEND: Job XMRS0030D_MTF has failed.,,,,,
INC631129,"MINOR: MCI-STL mrs2stl1 TWS_JOB_ABEND: Job 0AAAAAAAAAABWPV6.SMRS0050D failed, no recovery specified",,,,,
INC716214,iwproctn ChkLoadInet BMGR_FAILURE,,,,,
INC618185,"MINOR: MCI-STL mrs2stl1 TWS_JOB_ABEND: Job 0AAAAAAAAAABU44P.SMRS0374D failed, no recovery specified",,,,,
,,,,,,
Number of Records:,,885,,,,
Saved Where Clause:,,( incident.responsiblegroup like '%CHS-SUPPORT%'  or incident.responsiblegroup like '%MRS-SUPPORT%'  ) and incident.creationdate  >  to_timestamp ( sysdate-730 ),,,,
Dynamic Where Clause:,,,,,,
2015-07-15 15:25:58,,,1,,/,23
